id,first_name,last_name,birthday
1,rose0,lang0,2020/5/7
2,rose1,lang1,2020/5/7
3,rose2,lang2,2020/5/7
4,rose3,lang3,2020/5/7
5,rose4,lang4,2020/5/7
6,rose5,lang5,2020/5/7
7,rose6,lang6,2020/5/7
8,rose7,lang7,2020/5/7
9,rose8,lang8,2020/5/7
10,rose9,lang9,2020/5/7
11,rose10,lang10,2020/5/7
12,rose11,lang11,2020/5/7
13,rose12,lang12,2020/5/7
14,rose13,lang13,2020/5/7
15,rose14,lang14,2020/5/7
16,rose15,lang15,2020/5/7
17,rose16,lang16,2020/5/7
18,rose17,lang17,2020/5/7
19,rose18,lang18,2020/5/7
20,rose19,lang19,2020/5/7
21,rose20,lang20,2020/5/7
22,rose21,lang21,2020/5/7
23,rose22,lang22,2020/5/7
24,rose23,lang23,2020/5/7
25,rose24,lang24,2020/5/7
26,rose25,lang25,2020/5/7
27,rose26,lang26,2020/5/7
28,rose27,lang27,2020/5/7
29,rose28,lang28,2020/5/7
30,rose29,lang29,2020/5/7
31,rose30,lang30,2020/5/7
32,rose31,lang31,2020/5/7
33,rose32,lang32,2020/5/7
34,rose33,lang33,2020/5/7
35,rose34,lang34,2020/5/7
36,rose35,lang35,2020/5/7
37,rose36,lang36,2020/5/7
38,rose37,lang37,2020/5/7
39,rose38,lang38,2020/5/7
40,rose39,lang39,2020/5/7
41,rose40,lang40,2020/5/7
42,rose41,lang41,2020/5/7
43,rose42,lang42,2020/5/7
44,rose43,lang43,2020/5/7
45,rose44,lang44,2020/5/7
46,rose45,lang45,2020/5/7
47,rose46,lang46,2020/5/7
48,rose47,lang47,2020/5/7
49,rose48,lang48,2020/5/7
50,rose49,lang49,2020/5/7
51,rose50,lang50,2020/5/7
52,rose51,lang51,2020/5/7
53,rose52,lang52,2020/5/7
54,rose53,lang53,2020/5/7
55,rose54,lang54,2020/5/7
56,rose55,lang55,2020/5/7
57,rose56,lang56,2020/5/7
58,rose57,lang57,2020/5/7
59,rose58,lang58,2020/5/7
60,rose59,lang59,2020/5/7
61,rose60,lang60,2020/5/7
62,rose61,lang61,2020/5/7
63,rose62,lang62,2020/5/7
64,rose63,lang63,2020/5/7
65,rose64,lang64,2020/5/7
66,rose65,lang65,2020/5/7
67,rose66,lang66,2020/5/7
68,rose67,lang67,2020/5/7
69,rose68,lang68,2020/5/7
70,rose69,lang69,2020/5/7
71,rose70,lang70,2020/5/7
72,rose71,lang71,2020/5/7
73,rose72,lang72,2020/5/7
74,rose73,lang73,2020/5/7
75,rose74,lang74,2020/5/7
76,rose75,lang75,2020/5/7
77,rose76,lang76,2020/5/7
78,rose77,lang77,2020/5/7
79,rose78,lang78,2020/5/7
80,rose79,lang79,2020/5/7
81,rose80,lang80,2020/5/7
82,rose81,lang81,2020/5/7
83,rose82,lang82,2020/5/7
84,rose83,lang83,2020/5/7
85,rose84,lang84,2020/5/7
86,rose85,lang85,2020/5/7
87,rose86,lang86,2020/5/7
88,rose87,lang87,2020/5/7
89,rose88,lang88,2020/5/7
90,rose89,lang89,2020/5/7
91,rose90,lang90,2020/5/7
92,rose91,lang91,2020/5/7
93,rose92,lang92,2020/5/7
94,rose93,lang93,2020/5/7
95,rose94,lang94,2020/5/7
96,rose95,lang95,2020/5/7
97,rose96,lang96,2020/5/7
98,rose97,lang97,2020/5/7
99,rose98,lang98,2020/5/7
100,rose99,lang99,2020/5/7
101,rose100,lang100,2020/5/7
102,rose101,lang101,2020/5/7
103,rose102,lang102,2020/5/7
104,rose103,lang103,2020/5/7
105,rose104,lang104,2020/5/7
106,rose105,lang105,2020/5/7
107,rose106,lang106,2020/5/7
108,rose107,lang107,2020/5/7
109,rose108,lang108,2020/5/7
110,rose109,lang109,2020/5/7
111,rose110,lang110,2020/5/7
112,rose111,lang111,2020/5/7
113,rose112,lang112,2020/5/7
114,rose113,lang113,2020/5/7
115,rose114,lang114,2020/5/7
116,rose115,lang115,2020/5/7
117,rose116,lang116,2020/5/7
118,rose117,lang117,2020/5/7
119,rose118,lang118,2020/5/7
120,rose119,lang119,2020/5/7
121,rose120,lang120,2020/5/7
122,rose121,lang121,2020/5/7
123,rose122,lang122,2020/5/7
124,rose123,lang123,2020/5/7
125,rose124,lang124,2020/5/7
126,rose125,lang125,2020/5/7
127,rose126,lang126,2020/5/7
128,rose127,lang127,2020/5/7
129,rose128,lang128,2020/5/7
130,rose129,lang129,2020/5/7
131,rose130,lang130,2020/5/7
132,rose131,lang131,2020/5/7
133,rose132,lang132,2020/5/7
134,rose133,lang133,2020/5/7
135,rose134,lang134,2020/5/7
136,rose135,lang135,2020/5/7
137,rose136,lang136,2020/5/7
138,rose137,lang137,2020/5/7
139,rose138,lang138,2020/5/7
140,rose139,lang139,2020/5/7
141,rose140,lang140,2020/5/7
142,rose141,lang141,2020/5/7
143,rose142,lang142,2020/5/7
144,rose143,lang143,2020/5/7
145,rose144,lang144,2020/5/7
146,rose145,lang145,2020/5/7
147,rose146,lang146,2020/5/7
148,rose147,lang147,2020/5/7
149,rose148,lang148,2020/5/7
150,rose149,lang149,2020/5/7
151,rose150,lang150,2020/5/7
152,rose151,lang151,2020/5/7
153,rose152,lang152,2020/5/7
154,rose153,lang153,2020/5/7
155,rose154,lang154,2020/5/7
156,rose155,lang155,2020/5/7
157,rose156,lang156,2020/5/7
158,rose157,lang157,2020/5/7
159,rose158,lang158,2020/5/7
160,rose159,lang159,2020/5/7
161,rose160,lang160,2020/5/7
162,rose161,lang161,2020/5/7
163,rose162,lang162,2020/5/7
164,rose163,lang163,2020/5/7
165,rose164,lang164,2020/5/7
166,rose165,lang165,2020/5/7
167,rose166,lang166,2020/5/7
168,rose167,lang167,2020/5/7
169,rose168,lang168,2020/5/7
170,rose169,lang169,2020/5/7
171,rose170,lang170,2020/5/7
172,rose171,lang171,2020/5/7
173,rose172,lang172,2020/5/7
174,rose173,lang173,2020/5/7
175,rose174,lang174,2020/5/7
176,rose175,lang175,2020/5/7
177,rose176,lang176,2020/5/7
178,rose177,lang177,2020/5/7
179,rose178,lang178,2020/5/7
180,rose179,lang179,2020/5/8
181,rose180,lang180,2020/5/7
182,rose181,lang181,2020/5/7
183,rose182,lang182,2020/5/7
184,rose183,lang183,2020/5/7
185,rose184,lang184,2020/5/7
186,rose185,lang185,2020/5/7
187,rose186,lang186,2020/5/7
188,rose187,lang187,2020/5/7
189,rose188,lang188,2020/5/7
190,rose189,lang189,2020/5/7
191,rose190,lang190,2020/5/7
192,rose191,lang191,2020/5/7
193,rose192,lang192,2020/5/7
194,rose193,lang193,2020/5/7
195,rose194,lang194,2020/5/7
196,rose195,lang195,2020/5/7
197,rose196,lang196,2020/5/7
198,rose197,lang197,2020/5/7
199,rose198,lang198,2020/5/7
200,rose199,lang199,2020/5/7
